init,next
"[0.9590992481745391, 2.1968286282440506]",[1.63964599 2.11135114]
"[2.5904976781020994, 0.6697986814100053]",[2.13950237 1.34783617]
"[1.7905244758352732, 1.4888152376158388]",[1.90141474 1.75734445]
"[1.893030314140687, 1.809815747516379]",[1.97451713 1.9178447 ]
"[1.0277690847951209, 2.040923876119957]",[1.65152345 2.03339877]
